id,first_name,last_name,email,gender,salary
1,Bobbee,Slight,bslight0@alibaba.com,Male,2608
2,Damaris,O'Heneghan,doheneghan1@samsung.com,Female,2862
3,Currie,Mapston,cmapston2@sourceforge.net,Genderfluid,2431
4,Keely,Poulsum,kpoulsum3@topsy.com,Non-binary,6792
5,Aubine,Dearnly,adearnly4@foxnews.com,Male,4970
6,Perice,Rableau,prableau5@over-blog.com,Female,1405
7,Eilis,Spearman,espearman6@zdnet.com,Genderqueer,2112
8,Waylon,Celler,wceller7@hp.com,Genderfluid,3538
9,Jemie,Muscat,jmuscat8@lulu.com,Genderfluid,3828
10,Selby,Hegges,shegges9@thetimes.co.uk,Genderqueer,2542
11,Charley,Dorgon,cdorgona@mozilla.org,Genderfluid,6687
12,Delphine,Winders,dwindersb@columbia.edu,Male,5001
13,Timmi,Moppett,tmoppettc@biglobe.ne.jp,Non-binary,4307
14,Birch,Karleman,bkarlemand@ihg.com,Polygender,2124
15,Madeline,Lissandri,mlissandrie@elpais.com,Polygender,6876
16,Aubrette,Verrick,averrickf@sciencedaily.com,Polygender,4805
17,Wainwright,Drews,wdrewsg@tinyurl.com,Bigender,6001
18,Erica,Kupisz,ekupiszh@csmonitor.com,Male,3242
19,Florina,Briiginshaw,fbriiginshawi@topsy.com,Bigender,3729
20,Cammy,Carleman,ccarlemanj@wordpress.com,Male,3865
21,Willy,Benech,wbenechk@samsung.com,Genderfluid,1961
22,Carlos,Woodhall,cwoodhalll@virginia.edu,Genderfluid,5731
23,Ailsun,Pavolini,apavolinim@shop-pro.jp,Genderqueer,1668
24,Maude,Eddisforth,meddisforthn@edublogs.org,Bigender,1593
25,Trisha,Kefford,tkeffordo@earthlink.net,Genderfluid,3869
26,Manon,Grace,mgracep@hatena.ne.jp,Genderqueer,2522
27,Lin,Cromwell,lcromwellq@examiner.com,Female,1765
28,Josefina,Autin,jautinr@printfriendly.com,Genderqueer,5430
29,Candis,Pharrow,cpharrows@exblog.jp,Bigender,6319
30,Fernando,Grut,fgrutt@cargocollective.com,Genderfluid,1516
31,Eachelle,Piatto,epiattou@skype.com,Female,6891
32,Whitaker,Morris,wmorrisv@shareasale.com,Non-binary,4844
33,Lucilia,Grewes,lgrewesw@forbes.com,Agender,4791
34,Alphonse,Khalid,akhalidx@eepurl.com,Female,4529
35,Ekaterina,Blewmen,eblewmeny@harvard.edu,Agender,6282
36,Nadine,Shiel,nshielz@biglobe.ne.jp,Polygender,6929
37,Blondelle,Toffel,btoffel10@samsung.com,Genderqueer,6456
38,Nariko,Sirey,nsirey11@csmonitor.com,Agender,3720
39,Rosemarie,Bulcock,rbulcock12@vkontakte.ru,Polygender,4148
40,Wenda,Petrelluzzi,wpetrelluzzi13@linkedin.com,Polygender,1009
41,Elysee,Atger,eatger14@skyrock.com,Female,4895
42,Wynn,Goforth,wgoforth15@ucla.edu,Agender,5388
43,Dell,Onele,donele16@is.gd,Genderfluid,1503
44,Vanda,Grzelczak,vgrzelczak17@nps.gov,Female,4755
45,Hasty,Spincks,hspincks18@seattletimes.com,Non-binary,6051
46,Nikola,Croan,ncroan19@newsvine.com,Polygender,1045
47,Carmon,Dick,cdick1a@google.ca,Female,1035
48,Kendre,Poschel,kposchel1b@miibeian.gov.cn,Agender,6358
49,Adriaens,Rushby,arushby1c@jigsy.com,Male,2196
50,Shelden,Tuffley,stuffley1d@ft.com,Genderqueer,3229
51,Artie,Boice,aboice1e@uol.com.br,Male,3697
52,Reade,Kahn,rkahn1f@house.gov,Bigender,5156
53,Lesly,Paddon,lpaddon1g@zdnet.com,Genderfluid,4424
54,Marsha,Froschauer,mfroschauer1h@exblog.jp,Female,4334
55,Cesaro,Stooke,cstooke1i@dailymail.co.uk,Genderfluid,5751
56,Hakim,MacGee,hmacgee1j@dailymail.co.uk,Bigender,5959
57,Schuyler,Choupin,schoupin1k@paypal.com,Polygender,5331
58,Aguie,Partridge,apartridge1l@fastcompany.com,Agender,3025
59,Ashli,Doumic,adoumic1m@xing.com,Female,1359
60,Dell,Huxstep,dhuxstep1n@clickbank.net,Genderfluid,4138
61,Benji,Pemberton,bpemberton1o@hao123.com,Female,2552
62,Salvidor,Barham,sbarham1p@icq.com,Female,6937
63,Norman,Maryska,nmaryska1q@vk.com,Bigender,6447
64,Glyn,Brownsett,gbrownsett1r@hp.com,Genderqueer,2595
65,Sammy,Pyrah,spyrah1s@weebly.com,Polygender,3904
66,Marris,Stanlake,mstanlake1t@i2i.jp,Non-binary,2478
67,Nancy,Swatton,nswatton1u@amazon.co.jp,Female,2752
68,Margeaux,MacPeake,mmacpeake1v@cisco.com,Female,6161
69,Cesya,Barnet,cbarnet1w@webnode.com,Male,3991
70,Wanids,Pasfield,wpasfield1x@europa.eu,Agender,5055
71,Pyotr,Wellwood,pwellwood1y@homestead.com,Female,1866
72,Grace,Tadman,gtadman1z@java.com,Polygender,1522
73,Giff,Beloe,gbeloe20@livejournal.com,Genderfluid,3688
74,Rubetta,Coalburn,rcoalburn21@google.de,Genderfluid,4627
75,Valentin,D'Antoni,vdantoni22@sbwire.com,Non-binary,1525
76,Waneta,Gawkes,wgawkes23@bing.com,Male,2622
77,Giralda,Koenen,gkoenen24@mac.com,Non-binary,2407
78,Maximilianus,Benza,mbenza25@purevolume.com,Non-binary,1624
79,Dallis,Parks,dparks26@facebook.com,Genderqueer,3114
80,Leta,Rispine,lrispine27@imageshack.us,Bigender,6489
81,Tome,Dopson,tdopson28@wikispaces.com,Genderfluid,2291
82,Arlan,Iddison,aiddison29@cafepress.com,Bigender,4017
83,Brook,Terry,bterry2a@spiegel.de,Polygender,3539
84,Somerset,Blanque,sblanque2b@jimdo.com,Agender,5358
85,Waldemar,Bathurst,wbathurst2c@last.fm,Bigender,3675
86,Rhonda,Divver,rdivver2d@slate.com,Bigender,4441
87,Cecile,Lydden,clydden2e@youtube.com,Agender,1498
88,Mireielle,Klementz,mklementz2f@squarespace.com,Agender,6331
89,Rod,Swainger,rswainger2g@hugedomains.com,Female,4513
90,Bobby,Sanchis,bsanchis2h@washington.edu,Genderqueer,5082
91,Althea,Ganniclifft,aganniclifft2i@a8.net,Genderqueer,6798
92,Kiele,McKew,kmckew2j@japanpost.jp,Non-binary,2050
93,Erica,Petticrow,epetticrow2k@amazonaws.com,Genderqueer,2011
94,Alain,Gelletly,agelletly2l@hao123.com,Non-binary,5393
95,Arley,Rudkin,arudkin2m@reverbnation.com,Genderqueer,3085
96,Barret,Walkowski,bwalkowski2n@google.ru,Non-binary,4396
97,Charmaine,Drabble,cdrabble2o@pcworld.com,Non-binary,1176
98,Gradeigh,O'Reilly,goreilly2p@sfgate.com,Male,4211
99,Bessie,Burnet,bburnet2q@ted.com,Male,5877
100,Jobyna,Piperley,jpiperley2r@tiny.cc,Male,5428
101,Jada,Bielfeld,jbielfeld2s@dot.gov,Genderqueer,2584
102,Leonore,Warrilow,lwarrilow2t@123-reg.co.uk,Polygender,5796
103,Webster,Malling,wmalling2u@cbc.ca,Genderqueer,3510
104,Valli,Drexel,vdrexel2v@mashable.com,Genderqueer,2120
105,Eziechiele,Trevaskiss,etrevaskiss2w@shop-pro.jp,Genderqueer,2541
106,Isabella,Bancroft,ibancroft2x@abc.net.au,Female,2177
107,Yuri,Chuney,ychuney2y@oaic.gov.au,Polygender,4088
108,Sonny,Tebbut,stebbut2z@craigslist.org,Genderfluid,2334
109,Lowell,Silvermann,lsilvermann30@mayoclinic.com,Bigender,5487
110,Darrelle,Franceschelli,dfranceschelli31@bbb.org,Female,2237
111,Kandy,Foucher,kfoucher32@nymag.com,Genderfluid,4216
112,Royce,Bernardotte,rbernardotte33@time.com,Bigender,2182
113,Shurwood,O'Hanlon,sohanlon34@gravatar.com,Female,2005
114,Rockey,Yourell,ryourell35@ameblo.jp,Agender,1388
115,Myrtice,O'Suaird,mosuaird36@un.org,Non-binary,2040
116,Jamil,Llewhellin,jllewhellin37@bluehost.com,Female,5530
117,Raynor,Alphege,ralphege38@sphinn.com,Male,3146
118,Aura,Stannis,astannis39@hhs.gov,Genderqueer,5932
119,Mose,McAuliffe,mmcauliffe3a@indiatimes.com,Genderfluid,4149
120,Jordanna,O'Suaird,josuaird3b@opera.com,Agender,6835
121,Ajay,Scoates,ascoates3c@globo.com,Male,1074
122,Vance,Ratley,vratley3d@vistaprint.com,Agender,6204
123,Morton,Killich,mkillich3e@cpanel.net,Polygender,2418
124,Brade,Langcaster,blangcaster3f@mit.edu,Bigender,6197
125,Katrinka,Donat,kdonat3g@jugem.jp,Male,2944
126,Holmes,Haley,hhaley3h@com.com,Polygender,6525
127,Clarence,Nickell,cnickell3i@sakura.ne.jp,Female,2202
128,Jemima,Dametti,jdametti3j@flavors.me,Agender,6183
129,Marve,Fulmen,mfulmen3k@cam.ac.uk,Genderqueer,4118
130,Brockie,Tribbeck,btribbeck3l@ask.com,Female,6087
131,Sharron,Haynes,shaynes3m@com.com,Male,6827
132,August,Wrathmall,awrathmall3n@phoca.cz,Non-binary,1401
133,Florenza,Clementel,fclementel3o@guardian.co.uk,Bigender,3279
134,Kevin,Cooper,kcooper3p@google.ca,Female,4023
135,Mace,Kornacki,mkornacki3q@discuz.net,Genderfluid,1282
136,Paola,Harper,pharper3r@blog.com,Non-binary,2063
137,Simone,O'Hartnett,sohartnett3s@skype.com,Bigender,5039
138,Dorey,Gallico,dgallico3t@histats.com,Bigender,6845
139,Yuma,Howley,yhowley3u@infoseek.co.jp,Agender,2315
140,Zonda,Hugnin,zhugnin3v@etsy.com,Genderqueer,4331
141,Leanna,Gaskin,lgaskin3w@google.nl,Genderqueer,2186
142,Tiffany,Somerscales,tsomerscales3x@scientificamerican.com,Bigender,4350
143,Rasla,Mayoral,rmayoral3y@goodreads.com,Agender,2365
144,Mitch,Caplan,mcaplan3z@so-net.ne.jp,Male,4315
145,Godwin,Saunt,gsaunt40@mit.edu,Genderfluid,3319
146,Marcie,Costan,mcostan41@scientificamerican.com,Polygender,3570
147,Nickolas,Smedley,nsmedley42@omniture.com,Male,2777
148,Padget,O'Mohun,pomohun43@umich.edu,Genderqueer,6365
149,Loy,Starford,lstarford44@prnewswire.com,Non-binary,2625
150,Leanor,Greene,lgreene45@qq.com,Male,4292
151,Amalea,Reilingen,areilingen46@icq.com,Agender,1769
152,Esmaria,Girardeau,egirardeau47@bing.com,Male,3539
153,Naoma,Wankling,nwankling48@go.com,Genderfluid,5564
154,Dita,Musicka,dmusicka49@ifeng.com,Genderqueer,3000
155,Cordey,Neville,cneville4a@techcrunch.com,Agender,1328
156,Adora,Fausset,afausset4b@washingtonpost.com,Bigender,4813
157,Rozele,Paoletto,rpaoletto4c@de.vu,Agender,3470
158,Karlene,Lassell,klassell4d@sogou.com,Agender,1407
159,Paige,Mullally,pmullally4e@nifty.com,Genderfluid,6755
160,Corrinne,Nottingam,cnottingam4f@jugem.jp,Genderqueer,5832
161,Dalton,Bolan,dbolan4g@feedburner.com,Female,4273
162,Winston,Shorthouse,wshorthouse4h@1688.com,Male,1002
163,Lucia,Harrinson,lharrinson4i@tumblr.com,Genderqueer,3295
164,Kayne,Rigeby,krigeby4j@163.com,Female,2881
165,Dawn,Corness,dcorness4k@auda.org.au,Non-binary,5823
166,Christen,Elsdon,celsdon4l@nasa.gov,Polygender,6884
167,Eugine,Nast,enast4m@blogger.com,Female,4583
168,Nester,Purchase,npurchase4n@bizjournals.com,Bigender,6102
169,Meredithe,Niesegen,mniesegen4o@wisc.edu,Non-binary,3995
170,Weber,Belverstone,wbelverstone4p@netscape.com,Polygender,3710
171,Cristine,Feeny,cfeeny4q@constantcontact.com,Agender,4059
172,Delcina,Almey,dalmey4r@usnews.com,Genderqueer,1824
173,August,Sidwell,asidwell4s@nymag.com,Female,4042
174,Ivett,Remon,iremon4t@indiegogo.com,Male,5529
175,Vonny,Dulanty,vdulanty4u@wsj.com,Genderfluid,5458
176,Ginelle,de Najera,gdenajera4v@123-reg.co.uk,Agender,6490
177,Alexine,Berends,aberends4w@umich.edu,Polygender,3655
178,Hertha,Rattenberie,hrattenberie4x@infoseek.co.jp,Genderqueer,5622
179,Victoria,Alyoshin,valyoshin4y@multiply.com,Non-binary,3689
180,Amerigo,Dalgleish,adalgleish4z@nytimes.com,Genderfluid,3557
181,Harrietta,Lammerts,hlammerts50@hao123.com,Bigender,1942
182,Chancey,Reddy,creddy51@adobe.com,Genderqueer,6982
183,Tammy,Bowshire,tbowshire52@timesonline.co.uk,Genderfluid,6798
184,Lynne,Pallant,lpallant53@tmall.com,Male,2299
185,Lindsy,Cheng,lcheng54@tmall.com,Female,6926
186,Bree,Stebbings,bstebbings55@webs.com,Polygender,4043
187,Lorrin,Briscow,lbriscow56@histats.com,Polygender,5156
188,Kerrin,Echlin,kechlin57@examiner.com,Polygender,3647
189,Vivien,Lacroix,vlacroix58@mysql.com,Polygender,5603
190,Deirdre,Mazzeo,dmazzeo59@prnewswire.com,Polygender,3569
191,Gilda,Santer,gsanter5a@cyberchimps.com,Female,3256
192,Elaine,Scramage,escramage5b@ustream.tv,Bigender,3855
193,Gaspar,McClory,gmcclory5c@storify.com,Polygender,4790
194,Adrian,Mates,amates5d@a8.net,Non-binary,2906
195,Baudoin,Woollacott,bwoollacott5e@merriam-webster.com,Bigender,2803
196,Kaye,Molloy,kmolloy5f@hexun.com,Polygender,1761
197,Ronni,Caddies,rcaddies5g@desdev.cn,Non-binary,1634
198,Franzen,Alibone,falibone5h@opensource.org,Polygender,5454
199,Allegra,Ducker,aducker5i@narod.ru,Polygender,2209
200,Jakie,Gianinotti,jgianinotti5j@tinyurl.com,Female,2313
201,Abraham,Winkell,awinkell5k@google.ca,Polygender,1144
202,Syd,Lowey,slowey5l@census.gov,Genderqueer,4713
203,Ferrell,Roff,froff5m@123-reg.co.uk,Polygender,2525
204,Blakelee,Grundell,bgrundell5n@nymag.com,Agender,1254
205,Phillis,Choules,pchoules5o@ihg.com,Agender,1436
206,Trudey,Rummery,trummery5p@g.co,Genderfluid,6944
207,Stephie,Grasser,sgrasser5q@youku.com,Genderqueer,1643
208,Katina,Bourdel,kbourdel5r@deviantart.com,Non-binary,2791
209,Tammie,Verriour,tverriour5s@arizona.edu,Non-binary,2482
210,Krystle,Armytage,karmytage5t@wikispaces.com,Genderqueer,6729
211,Madge,Meritt,mmeritt5u@wp.com,Non-binary,1598
212,Verina,De Malchar,vdemalchar5v@scribd.com,Female,1104
213,Wat,Alcalde,walcalde5w@cafepress.com,Male,5295
214,Land,Sirey,lsirey5x@irs.gov,Polygender,6075
215,Emile,Vowels,evowels5y@google.de,Non-binary,3918
216,Oswald,Archibould,oarchibould5z@pagesperso-orange.fr,Female,4692
217,Genevieve,Carette,gcarette60@npr.org,Polygender,6085
218,Garnet,Leader,gleader61@nymag.com,Non-binary,3550
219,Mimi,Kubicek,mkubicek62@apple.com,Genderfluid,2385
220,Malissa,Monksfield,mmonksfield63@guardian.co.uk,Polygender,1216
221,Henka,Anderl,handerl64@cyberchimps.com,Male,3565
222,Fernandina,Pidon,fpidon65@house.gov,Bigender,6146
223,Edgard,Pozer,epozer66@mayoclinic.com,Genderfluid,5551
224,Larine,Degenhardt,ldegenhardt67@msu.edu,Genderfluid,2708
225,Barrie,Bezzant,bbezzant68@youtube.com,Male,3870
226,Glenn,Linskill,glinskill69@merriam-webster.com,Polygender,4220
227,Maia,Proughten,mproughten6a@theglobeandmail.com,Agender,3634
228,Suellen,Freeborne,sfreeborne6b@reference.com,Male,2988
229,Kellia,MacCarter,kmaccarter6c@skyrock.com,Genderfluid,2270
230,Rowena,Denisevich,rdenisevich6d@hubpages.com,Female,1865
231,Bennie,Shillom,bshillom6e@comsenz.com,Male,5171
232,Stacee,Heddy,sheddy6f@fastcompany.com,Agender,2394
233,Taite,Fosdyke,tfosdyke6g@opensource.org,Male,5116
234,Budd,Barnett,bbarnett6h@moonfruit.com,Male,3245
235,Thaddeus,Klasing,tklasing6i@printfriendly.com,Polygender,4807
236,Erhard,Westoll,ewestoll6j@liveinternet.ru,Agender,5562
237,Cristabel,Peaple,cpeaple6k@weibo.com,Genderfluid,4328
238,Neysa,Mabson,nmabson6l@guardian.co.uk,Agender,5394
239,Cyndia,Gentzsch,cgentzsch6m@utexas.edu,Bigender,1197
240,Tobey,Wilshin,twilshin6n@printfriendly.com,Male,6629
241,Desirae,Saffon,dsaffon6o@youku.com,Agender,6753
242,Carter,Brierton,cbrierton6p@domainmarket.com,Genderfluid,5933
243,Yoshiko,Totton,ytotton6q@washington.edu,Non-binary,2778
244,Jason,Scrange,jscrange6r@netscape.com,Female,4374
245,Willis,Goodhay,wgoodhay6s@acquirethisname.com,Genderqueer,1627
246,Tedmund,Jimmes,tjimmes6t@oakley.com,Agender,5165
247,Ina,Keese,ikeese6u@fotki.com,Genderfluid,1988
248,Fidelity,Orgill,forgill6v@163.com,Male,2288
249,Mair,Lanktree,mlanktree6w@constantcontact.com,Female,3866
250,Giffie,Morrill,gmorrill6x@nhs.uk,Genderqueer,6711
251,Neal,Flatman,nflatman6y@ycombinator.com,Genderqueer,6401
252,Nathanil,Brydell,nbrydell6z@blogger.com,Polygender,4063
253,Chane,Kenworthy,ckenworthy70@google.it,Genderfluid,3158
254,Welbie,Hessenthaler,whessenthaler71@artisteer.com,Female,2744
255,Lisbeth,Linner,llinner72@buzzfeed.com,Genderqueer,1231
256,Vittorio,Yakovliv,vyakovliv73@elegantthemes.com,Male,3747
257,Rogers,De Caroli,rdecaroli74@yellowbook.com,Bigender,4951
258,Archibald,McAvey,amcavey75@meetup.com,Female,6413
259,Anatol,Tramel,atramel76@pcworld.com,Non-binary,4107
260,Skylar,Vodden,svodden77@comsenz.com,Genderqueer,4055
261,Zolly,Ingray,zingray78@wsj.com,Polygender,1821
262,Arie,Tschersich,atschersich79@blogger.com,Genderqueer,2028
263,Siusan,Smidmoor,ssmidmoor7a@sfgate.com,Agender,3990
264,Elicia,Pollard,epollard7b@oakley.com,Polygender,5569
265,Shalne,Slayford,sslayford7c@taobao.com,Female,3628
266,Minna,Billington,mbillington7d@cnet.com,Agender,4958
267,Patience,Law,plaw7e@weather.com,Polygender,5135
268,Emmott,Skuse,eskuse7f@weebly.com,Genderfluid,4769
269,Gaylord,Hucknall,ghucknall7g@g.co,Agender,2853
270,Averil,Bloodworthe,abloodworthe7h@alibaba.com,Bigender,4115
271,Granny,Foyle,gfoyle7i@cnn.com,Genderfluid,6852
272,Dianna,Cropton,dcropton7j@wsj.com,Non-binary,5156
273,Nathanael,Kassel,nkassel7k@sitemeter.com,Non-binary,4383
274,Elliott,Airey,eairey7l@craigslist.org,Non-binary,2012
275,Emylee,Reboul,ereboul7m@mayoclinic.com,Male,6641
276,Tanny,Stonebanks,tstonebanks7n@ucsd.edu,Genderqueer,4996
277,Fredrick,Rawlence,frawlence7o@theatlantic.com,Non-binary,1864
278,Rosy,Rennicks,rrennicks7p@icio.us,Genderqueer,1183
279,Linc,Parradice,lparradice7q@cbc.ca,Male,3092
280,Magdalen,Tomashov,mtomashov7r@fc2.com,Agender,3372
281,Minnnie,McGarvey,mmcgarvey7s@twitpic.com,Bigender,1947
282,Henriette,Dulson,hdulson7t@ucoz.com,Bigender,3568
283,Gerrie,Leadstone,gleadstone7u@dyndns.org,Agender,1129
284,Giselle,Acarson,gacarson7v@flickr.com,Male,2675
285,Brandon,Arnauduc,barnauduc7w@digg.com,Non-binary,1014
286,Lilllie,Galier,lgalier7x@chronoengine.com,Agender,6701
287,Bentlee,Skoughman,bskoughman7y@nytimes.com,Polygender,1450
288,Haskel,Beevis,hbeevis7z@goo.ne.jp,Polygender,1631
289,Quintilla,Mitchard,qmitchard80@europa.eu,Male,6499
290,Gillian,Turfrey,gturfrey81@usatoday.com,Genderfluid,3610
291,Jud,Wurst,jwurst82@nyu.edu,Polygender,2877
292,Jerri,Macbeth,jmacbeth83@yellowpages.com,Bigender,3695
293,Shelden,Writer,swriter84@reuters.com,Male,2348
294,Yevette,Glassopp,yglassopp85@hibu.com,Genderqueer,1743
295,Dante,Joire,djoire86@globo.com,Male,6305
296,Clemmy,Pickard,cpickard87@chicagotribune.com,Genderfluid,5820
297,Lewes,Harses,lharses88@nationalgeographic.com,Genderqueer,1787
298,Marna,Rathjen,mrathjen89@dot.gov,Female,4166
299,Hasty,Holhouse,hholhouse8a@purevolume.com,Non-binary,4222
300,Carmelita,Reburn,creburn8b@goo.ne.jp,Non-binary,3557
301,Tudor,Scandrite,tscandrite8c@cloudflare.com,Female,2187
302,Zulema,Reburn,zreburn8d@squarespace.com,Genderqueer,4828
303,Nathalie,Windram,nwindram8e@fda.gov,Polygender,4975
304,Salaidh,Wyss,swyss8f@google.pl,Non-binary,3848
305,Cass,Forstall,cforstall8g@comcast.net,Male,2533
306,Ray,Redd,rredd8h@creativecommons.org,Polygender,3595
307,Neall,Matys,nmatys8i@oakley.com,Genderfluid,6562
308,Morten,Gowar,mgowar8j@usnews.com,Polygender,4570
309,Vyky,Shutle,vshutle8k@google.pl,Female,3759
310,Joyann,Knapper,jknapper8l@cloudflare.com,Genderqueer,3474
311,Annis,Punter,apunter8m@sbwire.com,Genderfluid,1324
312,Addi,Winwright,awinwright8n@soup.io,Genderqueer,4095
313,Benedetta,Novik,bnovik8o@instagram.com,Female,2371
314,Rob,Korneluk,rkorneluk8p@house.gov,Genderqueer,1618
315,Dal,Tomaszkiewicz,dtomaszkiewicz8q@opensource.org,Genderqueer,5717
316,Maureene,D'Angeli,mdangeli8r@blog.com,Male,4081
317,Flossi,Kording,fkording8s@senate.gov,Female,4950
318,Randi,Blount,rblount8t@miitbeian.gov.cn,Non-binary,1736
319,Germana,Scaplehorn,gscaplehorn8u@walmart.com,Agender,3080
320,Hastings,Nesby,hnesby8v@diigo.com,Male,2157
321,Jeremias,Gye,jgye8w@pen.io,Polygender,5141
322,Chrissy,World,cworld8x@homestead.com,Non-binary,1930
323,Christie,Lamacraft,clamacraft8y@exblog.jp,Genderqueer,4952
324,Yorke,Spohrmann,yspohrmann8z@cam.ac.uk,Female,6202
325,Olympia,Booij,obooij90@nbcnews.com,Male,5118
326,Isaak,Spaven,ispaven91@yellowpages.com,Genderqueer,3000
327,Berry,Saffill,bsaffill92@mapy.cz,Genderqueer,1781
328,Othilia,Stickens,ostickens93@lycos.com,Female,6066
329,Catherina,Wanjek,cwanjek94@google.cn,Non-binary,3742
330,Dael,Darridon,ddarridon95@blogspot.com,Non-binary,2629
331,Geraldine,Henighan,ghenighan96@mtv.com,Agender,3459
332,Casar,Collingworth,ccollingworth97@bluehost.com,Non-binary,3405
333,Antone,Pipe,apipe98@canalblog.com,Agender,2549
334,Delphine,Surfleet,dsurfleet99@ifeng.com,Polygender,4638
335,Yorgos,Brunotti,ybrunotti9a@netvibes.com,Genderfluid,6902
336,Symon,Boman,sboman9b@drupal.org,Female,6201
337,Vicki,Skipper,vskipper9c@amazon.com,Male,4215
338,Gibbie,Belchamber,gbelchamber9d@sohu.com,Genderqueer,5253
339,Misty,Anmore,manmore9e@g.co,Agender,1992
340,Ber,Hawkes,bhawkes9f@moonfruit.com,Bigender,3863
341,Gunther,Ramel,gramel9g@yahoo.co.jp,Non-binary,5432
342,Kay,Annon,kannon9h@yale.edu,Agender,4805
343,Alfonso,Dinsell,adinsell9i@moonfruit.com,Genderqueer,1414
344,Georg,Pidgeley,gpidgeley9j@gov.uk,Genderqueer,5083
345,Robinson,Caberas,rcaberas9k@over-blog.com,Agender,6969
346,Georgeanne,Fieldgate,gfieldgate9l@stanford.edu,Agender,2893
347,Melesa,Reedyhough,mreedyhough9m@upenn.edu,Genderfluid,1985
348,Granthem,Blamires,gblamires9n@miibeian.gov.cn,Genderfluid,5051
349,Mattie,Berger,mberger9o@seesaa.net,Agender,4874
350,Dino,Sidebottom,dsidebottom9p@networksolutions.com,Agender,3169
351,Cecilius,Smurthwaite,csmurthwaite9q@harvard.edu,Male,6935
352,Eachelle,Woolham,ewoolham9r@github.com,Genderfluid,6718
353,Nikoletta,Hartle,nhartle9s@google.co.jp,Bigender,1946
354,Zia,Smogur,zsmogur9t@marketwatch.com,Genderqueer,5145
355,Eberto,Vaggers,evaggers9u@baidu.com,Genderfluid,2066
356,Frans,Davids,fdavids9v@earthlink.net,Female,6008
357,Clem,Colquit,ccolquit9w@hao123.com,Genderfluid,5457
358,Sherlocke,MacCleay,smaccleay9x@dion.ne.jp,Male,4972
359,Consuela,Skey,cskey9y@barnesandnoble.com,Male,3670
360,Peder,Bichener,pbichener9z@umn.edu,Genderqueer,6756
361,Constance,Macci,cmaccia0@wunderground.com,Bigender,4564
362,Timmie,Glentworth,tglentwortha1@nbcnews.com,Female,5031
363,Oates,Parell,oparella2@acquirethisname.com,Non-binary,3203
364,Elsie,Castledine,ecastledinea3@jiathis.com,Genderqueer,3973
365,Lammond,Clayworth,lclaywortha4@alexa.com,Agender,3713
366,Marsiella,Arlow,marlowa5@bing.com,Female,4101
367,Daron,Noirel,dnoirela6@skyrock.com,Male,1347
368,Milly,Simison,msimisona7@dmoz.org,Genderfluid,2493
369,Lisette,Benck,lbencka8@kickstarter.com,Genderqueer,6394
370,Zabrina,Mc Curlye,zmccurlyea9@linkedin.com,Genderfluid,2378
371,Annadiane,Guiet,aguietaa@barnesandnoble.com,Female,6268
372,Eilis,Dassindale,edassindaleab@1und1.de,Agender,4389
373,Vita,Rains,vrainsac@howstuffworks.com,Bigender,1909
374,Orelie,Cumine,ocuminead@wikispaces.com,Agender,4342
375,Timoteo,Mattielli,tmattielliae@goo.gl,Bigender,4902
376,Robena,Groveham,rgrovehamaf@tinyurl.com,Genderqueer,5968
377,Lavena,Rummins,lrumminsag@umich.edu,Non-binary,4024
378,Christophe,Bollis,cbollisah@e-recht24.de,Non-binary,3320
379,Stephi,Lerohan,slerohanai@reuters.com,Male,4390
380,Nellie,Welchman,nwelchmanaj@jiathis.com,Male,2525
381,Gae,Slateford,gslatefordak@nymag.com,Non-binary,5506
382,Aloysia,Jeratt,ajerattal@usatoday.com,Polygender,1844
383,Hilary,Patmore,hpatmoream@nih.gov,Male,1489
384,Itch,Waddup,iwaddupan@illinois.edu,Female,2386
385,Scottie,Gori,sgoriao@msn.com,Polygender,6126
386,Elisha,Derisly,ederislyap@va.gov,Polygender,1493
387,Kitti,Kuschel,kkuschelaq@g.co,Female,1266
388,Perry,Oddey,poddeyar@ifeng.com,Male,6358
389,Jay,Toppin,jtoppinas@blogger.com,Male,2286
390,Kamillah,Drable,kdrableat@com.com,Agender,5278
391,Alfonso,Fothergill,afothergillau@yahoo.co.jp,Agender,1888
392,Muffin,Cottrell,mcottrellav@cpanel.net,Genderfluid,2787
393,Welby,Llopis,wllopisaw@cpanel.net,Female,6485
394,Marcela,Pennyman,mpennymanax@amazonaws.com,Genderqueer,4811
395,Lola,Pomfret,lpomfretay@sun.com,Non-binary,5883
396,Vivien,Redd,vreddaz@hostgator.com,Polygender,6499
397,Derron,Scartifield,dscartifieldb0@xrea.com,Male,4793
398,Hobie,Winter,hwinterb1@redcross.org,Genderqueer,4983
399,Erminia,Merwede,emerwedeb2@unc.edu,Female,4150
400,Kim,Pitney,kpitneyb3@furl.net,Non-binary,4864
401,Marieann,Barkway,mbarkwayb4@bigcartel.com,Polygender,1292
402,Nikolaos,Houdhury,nhoudhuryb5@tumblr.com,Female,2325
403,Paolo,Holwell,pholwellb6@jiathis.com,Non-binary,5313
404,Coleen,Bunner,cbunnerb7@dailymotion.com,Polygender,5452
405,Agnese,Bareham,abarehamb8@ycombinator.com,Genderqueer,3800
406,Brig,Wordley,bwordleyb9@shutterfly.com,Agender,3671
407,Clementine,Westman,cwestmanba@tamu.edu,Male,2020
408,Michel,Beavers,mbeaversbb@cyberchimps.com,Bigender,1939
409,Kip,Miroy,kmiroybc@statcounter.com,Bigender,1629
410,Sybille,Gaskins,sgaskinsbd@infoseek.co.jp,Agender,2755
411,Dalia,Pyford,dpyfordbe@sciencedaily.com,Agender,4320
412,Keely,McCullouch,kmccullouchbf@cmu.edu,Male,5174
413,Devan,Whiteside,dwhitesidebg@buzzfeed.com,Male,4392
414,Quillan,Tart,qtartbh@cornell.edu,Non-binary,4256
415,Nat,Hayford,nhayfordbi@exblog.jp,Female,2105
416,Barbi,Oda,bodabj@cdc.gov,Bigender,3115
417,Gerik,Marskell,gmarskellbk@shop-pro.jp,Non-binary,6288
418,Ula,Simek,usimekbl@domainmarket.com,Genderfluid,5692
419,Cazzie,Heistermann,cheistermannbm@hexun.com,Male,2921
420,Marshal,Harcombe,mharcombebn@nbcnews.com,Female,5281
421,Merell,Colbert,mcolbertbo@desdev.cn,Female,4963
422,Penni,Records,precordsbp@weebly.com,Polygender,5963
423,Marlo,Andrea,mandreabq@google.ca,Genderfluid,5003
424,Aliza,Iacomettii,aiacomettiibr@wordpress.com,Bigender,6479
425,Allegra,Hurlston,ahurlstonbs@wix.com,Agender,6866
426,Kipp,Bahde,kbahdebt@newsvine.com,Genderqueer,4199
427,Devin,Trevascus,dtrevascusbu@examiner.com,Non-binary,5498
428,Ester,Youel,eyouelbv@pagesperso-orange.fr,Male,5551
429,Missy,Coffey,mcoffeybw@ocn.ne.jp,Genderqueer,6692
430,Craggie,Barta,cbartabx@sphinn.com,Non-binary,4775
431,Harrietta,Pietrowski,hpietrowskiby@mapy.cz,Agender,3335
432,Hunter,Ealam,healambz@php.net,Genderqueer,6719
433,Kellyann,Dymidowski,kdymidowskic0@mysql.com,Polygender,3748
434,Genia,Bellhouse,gbellhousec1@symantec.com,Genderfluid,1138
435,Sharl,De'Vere - Hunt,sdeverehuntc2@unblog.fr,Genderfluid,2871
436,Freeman,Dewett,fdewettc3@tinyurl.com,Non-binary,3507
437,Krystalle,Gandy,kgandyc4@sohu.com,Polygender,2980
438,Marylynne,Cathrall,mcathrallc5@discovery.com,Genderqueer,6139
439,Morey,McCloughen,mmccloughenc6@moonfruit.com,Male,1966
440,Sanson,List,slistc7@t-online.de,Agender,3955
441,Janka,Cheese,jcheesec8@rambler.ru,Agender,5204
442,Gaylor,McGriele,gmcgrielec9@typepad.com,Genderqueer,2623
443,Mycah,Wink,mwinkca@hhs.gov,Non-binary,3284
444,Agnese,Beceril,abecerilcb@apple.com,Female,3056
445,Aaron,Nourse,anoursecc@nifty.com,Agender,4655
446,Vernon,McKimmey,vmckimmeycd@goodreads.com,Polygender,4773
447,Fredi,Symcoxe,fsymcoxece@ustream.tv,Bigender,3988
448,Lilith,Hair,lhaircf@pen.io,Female,4225
449,Leeland,Splain,lsplaincg@soundcloud.com,Female,5587
450,Randi,Abbey,rabbeych@cocolog-nifty.com,Agender,6568
451,Marline,McLagain,mmclagainci@google.co.jp,Female,1125
452,Bessy,Kochel,bkochelcj@utexas.edu,Agender,2209
453,Essa,Tellenbroker,etellenbrokerck@springer.com,Female,5974
454,Herold,Winchurch,hwinchurchcl@nps.gov,Male,4708
455,Inger,Rayworth,irayworthcm@fc2.com,Genderqueer,3311
456,Shermy,Tombleson,stomblesoncn@typepad.com,Male,5788
457,Neely,Akeherst,nakeherstco@simplemachines.org,Agender,6577
458,Val,Pawle,vpawlecp@feedburner.com,Genderfluid,4979
459,Sianna,Shobrook,sshobrookcq@deviantart.com,Genderfluid,5998
460,Edwina,Camelli,ecamellicr@lycos.com,Genderqueer,4759
461,Bernette,Hellen,bhellencs@moonfruit.com,Female,6901
462,Nicolea,Novacek,nnovacekct@wisc.edu,Agender,5459
463,Spence,McOnie,smconiecu@stumbleupon.com,Polygender,1457
464,Milty,Brindle,mbrindlecv@addthis.com,Female,6757
465,Jaime,Janssens,jjanssenscw@cocolog-nifty.com,Genderfluid,4518
466,Arley,Sheara,ashearacx@time.com,Male,5791
467,Ursuline,Haynesford,uhaynesfordcy@ibm.com,Polygender,6136
468,Mendel,Fleisch,mfleischcz@google.com.hk,Bigender,5986
469,Cal,Hayball,chayballd0@mac.com,Bigender,5308
470,Lyndsay,Goodbanne,lgoodbanned1@unc.edu,Agender,6389
471,Alida,Crothers,acrothersd2@blogspot.com,Agender,6595
472,Trace,Domenget,tdomengetd3@woothemes.com,Non-binary,2180
473,Andee,Caveau,acaveaud4@jugem.jp,Polygender,1659
474,Gerri,Attwell,gattwelld5@nyu.edu,Agender,1902
475,Jacques,Skeech,jskeechd6@slideshare.net,Genderqueer,1430
476,Aretha,Goadbie,agoadbied7@tumblr.com,Polygender,6258
477,Delmor,Moylane,dmoylaned8@nifty.com,Genderfluid,3316
478,Ethelyn,Stoddart,estoddartd9@si.edu,Genderqueer,2096
479,Althea,Waples,awaplesda@rakuten.co.jp,Genderfluid,2768
480,Jeralee,Stebbing,jstebbingdb@digg.com,Genderqueer,5141
481,Keefer,Osgardby,kosgardbydc@theguardian.com,Bigender,3617
482,Gael,Antonsen,gantonsendd@storify.com,Non-binary,5341
483,Corly,Staves,cstavesde@prnewswire.com,Non-binary,5362
484,Etta,Barens,ebarensdf@unblog.fr,Female,3365
485,Lodovico,Lutty,lluttydg@constantcontact.com,Non-binary,6918
486,Susanna,Matt,smattdh@friendfeed.com,Polygender,6384
487,Emmye,Stonelake,estonelakedi@chron.com,Genderqueer,5374
488,Barney,Lennard,blennarddj@usatoday.com,Non-binary,3756
489,Nelli,Siberry,nsiberrydk@latimes.com,Bigender,1186
490,Bernelle,Weston,bwestondl@domainmarket.com,Genderqueer,1095
491,Brigit,Unworth,bunworthdm@japanpost.jp,Agender,1860
492,Mile,Bachelar,mbachelardn@wikia.com,Bigender,2261
493,Emilio,Freestone,efreestonedo@meetup.com,Agender,5829
494,Piper,Taree,ptareedp@auda.org.au,Genderfluid,5341
495,Edsel,Gandley,egandleydq@disqus.com,Non-binary,5857
496,Flori,Deaconson,fdeaconsondr@independent.co.uk,Bigender,6759
497,Johann,Kruschev,jkruschevds@icio.us,Agender,2686
498,Abram,Di Ruggero,adiruggerodt@seattletimes.com,Bigender,2318
499,Serena,Butler-Bowdon,sbutlerbowdondu@cafepress.com,Polygender,5633
500,Chance,Tellwright,ctellwrightdv@moonfruit.com,Male,3386
501,Noella,Gass,ngassdw@indiatimes.com,Non-binary,4225
502,Korney,Demange,kdemangedx@youku.com,Genderqueer,6278
503,Deane,Hazael,dhazaeldy@networksolutions.com,Genderqueer,1858
504,Erek,Wyche,ewychedz@nba.com,Non-binary,3609
505,Ian,Swiffan,iswiffane0@ehow.com,Polygender,6683
506,Chico,Sweetsur,csweetsure1@seattletimes.com,Genderfluid,6397
507,Grier,Huck,ghucke2@wix.com,Female,2972
508,Artair,Coulthard,acoultharde3@booking.com,Male,4148
509,Keen,Pastor,kpastore4@apple.com,Bigender,6926
510,Morly,Alforde,malfordee5@pinterest.com,Genderqueer,4206
511,Leslie,Girauld,lgiraulde6@independent.co.uk,Agender,5834
512,Terence,Aulton,taultone7@mapy.cz,Bigender,1781
513,Pip,Hainsworth,phainsworthe8@mayoclinic.com,Agender,5188
514,Charley,Ripon,cripone9@t.co,Genderqueer,6069
515,Jabez,Cullerne,jcullerneea@sbwire.com,Female,3043
516,Harp,McFarland,hmcfarlandeb@dion.ne.jp,Genderqueer,4798
517,Ariadne,Kensall,akensallec@amazon.co.uk,Non-binary,6710
518,Doe,Blazhevich,dblazheviched@mozilla.com,Female,5486
519,Kayne,Finci,kfinciee@dailymail.co.uk,Bigender,6863
520,Kylie,Bawden,kbawdenef@youtu.be,Agender,2588
521,Ellette,Hilldrup,ehilldrupeg@indiegogo.com,Genderfluid,5529
522,Fonsie,Lassen,flasseneh@prnewswire.com,Non-binary,2025
523,Gus,Doolan,gdoolanei@creativecommons.org,Polygender,2020
524,Rafaelita,Bowhey,rbowheyej@netlog.com,Genderfluid,4894
525,Devinne,De Biaggi,ddebiaggiek@umich.edu,Genderfluid,1452
526,Francisco,Feathers,ffeathersel@trellian.com,Non-binary,2160
527,Minne,Douglass,mdouglassem@newyorker.com,Genderqueer,2935
528,Johnna,Daveren,jdaverenen@oaic.gov.au,Non-binary,1741
529,Lauretta,Twiddell,ltwiddelleo@google.cn,Genderqueer,4936
530,Sella,Buttler,sbuttlerep@shop-pro.jp,Genderqueer,3347
531,Lois,Ribeiro,lribeiroeq@cbc.ca,Agender,4925
532,Ring,Audrey,raudreyer@scientificamerican.com,Agender,4144
533,Hunter,Jelf,hjelfes@qq.com,Female,3650
534,Gertrude,Burghill,gburghillet@chicagotribune.com,Agender,2778
535,Tilly,Kedie,tkedieeu@cnbc.com,Genderfluid,6755
536,Demetre,Virgo,dvirgoev@chronoengine.com,Male,2976
537,Cris,Manterfield,cmanterfieldew@yahoo.com,Agender,6334
538,Kori,Paolino,kpaolinoex@comcast.net,Bigender,2406
539,Guglielmo,Guilaem,gguilaemey@ucsd.edu,Agender,5023
540,Leopold,Copozio,lcopozioez@sbwire.com,Male,6243
541,Roderick,Jubert,rjubertf0@pinterest.com,Bigender,2135
542,Guillermo,O'Growgane,gogrowganef1@diigo.com,Male,3365
543,Brittney,Doige,bdoigef2@blogs.com,Genderqueer,5243
544,Carlen,Lambourne,clambournef3@godaddy.com,Non-binary,4148
545,Constantino,Edward,cedwardf4@dailymail.co.uk,Non-binary,4500
546,Grannie,Fosserd,gfosserdf5@people.com.cn,Polygender,4413
547,Jefferey,Willett,jwillettf6@jigsy.com,Genderqueer,4300
548,Way,Leebetter,wleebetterf7@uol.com.br,Agender,5224
549,Kyle,Firsby,kfirsbyf8@istockphoto.com,Bigender,5493
550,Helaina,Eckersall,heckersallf9@networksolutions.com,Female,2958
551,Egon,Comizzoli,ecomizzolifa@ted.com,Male,2738
552,Gavin,Stead,gsteadfb@edublogs.org,Genderqueer,6612
553,Giordano,Blakeley,gblakeleyfc@so-net.ne.jp,Male,6762
554,Philbert,Ashfold,pashfoldfd@desdev.cn,Male,3019
555,Zebulen,Cribbott,zcribbottfe@craigslist.org,Polygender,2694
556,Harv,Biesty,hbiestyff@google.com.hk,Agender,3130
557,James,Duckinfield,jduckinfieldfg@51.la,Male,1892
558,Kayla,Darby,kdarbyfh@economist.com,Agender,3315
559,Shurlocke,Rosenkrantz,srosenkrantzfi@prnewswire.com,Genderqueer,3269
560,Tully,Smoughton,tsmoughtonfj@engadget.com,Female,5288
561,Danya,Troup,dtroupfk@wix.com,Male,2769
562,Ernie,Gooke,egookefl@goo.gl,Agender,3294
563,Noell,Nendick,nnendickfm@gov.uk,Polygender,4350
564,Glendon,Dot,gdotfn@go.com,Genderfluid,4858
565,Holmes,Curragh,hcurraghfo@prlog.org,Genderqueer,1875
566,Valry,Dyter,vdyterfp@pbs.org,Non-binary,6895
567,Rupert,Islip,rislipfq@accuweather.com,Male,2215
568,Fons,Deluze,fdeluzefr@prnewswire.com,Male,3161
569,Walliw,Seathwright,wseathwrightfs@facebook.com,Bigender,1534
570,Nady,Blaszczynski,nblaszczynskift@mac.com,Non-binary,2845
571,Bone,Yarnton,byarntonfu@theglobeandmail.com,Polygender,4931
572,Arluene,Orrell,aorrellfv@lycos.com,Polygender,6156
573,Arden,Dorney,adorneyfw@unesco.org,Female,5171
574,Adrianna,Durban,adurbanfx@simplemachines.org,Genderfluid,4971
575,Agnola,Butteris,abutterisfy@free.fr,Polygender,6768
576,Alexandre,D'eye,adeyefz@yolasite.com,Non-binary,4830
577,Zondra,Charity,zcharityg0@prweb.com,Female,4304
578,Hashim,Jamson,hjamsong1@java.com,Genderqueer,5386
579,Nikolas,Harewood,nharewoodg2@goo.ne.jp,Non-binary,6812
580,Daron,Sholem,dsholemg3@wikia.com,Female,6481
581,Barb,Doiley,bdoileyg4@blogs.com,Non-binary,4064
582,Roseanna,Karle,rkarleg5@last.fm,Genderfluid,4124
583,Abby,Somerset,asomersetg6@shareasale.com,Bigender,6379
584,Brittani,Bartoszewicz,bbartoszewiczg7@smh.com.au,Non-binary,4801
585,Jereme,Tunno,jtunnog8@cmu.edu,Female,6141
586,August,Tegler,ateglerg9@jimdo.com,Non-binary,4820
587,Bennie,Gerran,bgerranga@epa.gov,Female,3099
588,Fred,Perryn,fperryngb@addtoany.com,Genderfluid,1125
589,Paulo,Jerrold,pjerroldgc@sogou.com,Female,2760
590,Hamish,Fetters,hfettersgd@phpbb.com,Non-binary,6721
591,Petrina,Saxon,psaxonge@deviantart.com,Genderqueer,4121
592,Brigida,Berndt,bberndtgf@businesswire.com,Female,1578
593,Helenelizabeth,Brislawn,hbrislawngg@wikispaces.com,Agender,1989
594,Aaron,Bransom,abransomgh@paypal.com,Polygender,4459
595,Everett,Soule,esoulegi@slashdot.org,Polygender,3869
596,Dietrich,Waleran,dwalerangj@shutterfly.com,Male,6857
597,Martainn,Weepers,mweepersgk@360.cn,Bigender,1189
598,Guendolen,Cunnah,gcunnahgl@cafepress.com,Non-binary,6110
599,Waldon,Sandells,wsandellsgm@huffingtonpost.com,Polygender,6342
600,Belita,Nern,bnerngn@symantec.com,Bigender,2250
601,Joletta,Husby,jhusbygo@printfriendly.com,Bigender,2190
602,Maximilian,Fee,mfeegp@princeton.edu,Female,4109
603,Morie,Benterman,mbentermangq@linkedin.com,Agender,4252
604,Esra,Rizzini,erizzinigr@amazonaws.com,Genderfluid,6782
605,Huntlee,Fugere,hfugeregs@flickr.com,Genderfluid,1542
606,Garwin,Ayers,gayersgt@bbc.co.uk,Male,3479
607,Taddeo,Brundrett,tbrundrettgu@moonfruit.com,Non-binary,1324
608,Garnette,Dunhill,gdunhillgv@china.com.cn,Polygender,6053
609,Gustav,Pendle,gpendlegw@youtu.be,Male,2426
610,Kenton,Jezard,kjezardgx@surveymonkey.com,Agender,2360
611,Blane,Lutty,bluttygy@salon.com,Female,3534
612,Walker,Riggs,wriggsgz@phoca.cz,Genderqueer,1049
613,Corrine,Willgress,cwillgressh0@ovh.net,Male,5985
614,Ameline,Lean,aleanh1@businessweek.com,Genderqueer,6397
615,Chrissy,Sheahan,csheahanh2@illinois.edu,Male,6506
616,Bertha,Caddy,bcaddyh3@google.com,Genderqueer,2709
617,Austina,Sunnex,asunnexh4@loc.gov,Polygender,2711
618,Reggi,Linturn,rlinturnh5@cisco.com,Non-binary,1395
619,Freddy,Salatino,fsalatinoh6@domainmarket.com,Agender,5201
620,Phil,Burthom,pburthomh7@blogspot.com,Genderfluid,5547
621,Moll,Alliston,mallistonh8@github.com,Agender,5769
622,Ora,Goosey,ogooseyh9@bandcamp.com,Non-binary,3241
623,Sadie,Reuven,sreuvenha@vk.com,Genderqueer,1945
624,Siobhan,Kybert,skyberthb@edublogs.org,Polygender,1593
625,Floria,Twohig,ftwohighc@umich.edu,Male,5321
626,Karol,Giacomelli,kgiacomellihd@ucla.edu,Genderfluid,2255
627,Derward,Dellenbroker,ddellenbrokerhe@wikipedia.org,Genderqueer,3353
628,Ellwood,Coddington,ecoddingtonhf@ed.gov,Male,1158
629,Mic,Muzzullo,mmuzzullohg@github.io,Male,1475
630,Vanna,Rayman,vraymanhh@quantcast.com,Agender,5612
631,Pier,Wilhelmy,pwilhelmyhi@webnode.com,Genderfluid,4727
632,Marice,Dawid,mdawidhj@blogger.com,Bigender,4759
633,Carter,Huleatt,chuleatthk@uiuc.edu,Female,4081
634,Maggie,Joppich,mjoppichhl@lulu.com,Non-binary,2276
635,Worthy,Yakunikov,wyakunikovhm@statcounter.com,Non-binary,5321
636,Evin,Fernehough,efernehoughhn@mlb.com,Female,4312
637,Maurie,MacCard,mmaccardho@list-manage.com,Non-binary,5830
638,Eadie,Stringman,estringmanhp@blogs.com,Genderqueer,5398
639,Pooh,Vose,pvosehq@booking.com,Genderfluid,6776
640,Matilda,Braffington,mbraffingtonhr@google.co.uk,Agender,4695
641,Rouvin,Whiterod,rwhiterodhs@networksolutions.com,Bigender,1578
642,Gaultiero,Bramley,gbramleyht@surveymonkey.com,Male,1629
643,Sadye,McKibbin,smckibbinhu@digg.com,Genderqueer,3414
644,Wally,Piggins,wpigginshv@feedburner.com,Agender,4885
645,Gretta,Tyhurst,gtyhursthw@examiner.com,Female,6652
646,Jimmy,Titmus,jtitmushx@mtv.com,Bigender,1609
647,Kathy,Merrigans,kmerriganshy@apache.org,Genderqueer,5531
648,Erastus,Gauson,egausonhz@free.fr,Female,1861
649,Violette,Culver,vculveri0@chicagotribune.com,Polygender,4586
650,Reuven,Klimowicz,rklimowiczi1@techcrunch.com,Genderqueer,1522
651,Dwight,Tewkesberrie,dtewkesberriei2@squidoo.com,Male,6901
652,Frederick,Jeste,fjestei3@diigo.com,Genderfluid,2031
653,Libbie,Borrott,lborrotti4@tamu.edu,Non-binary,6681
654,Petunia,Kabisch,pkabischi5@nationalgeographic.com,Polygender,4706
655,Devlen,Lawton,dlawtoni6@msn.com,Polygender,2308
656,Selig,McKeller,smckelleri7@apple.com,Polygender,4178
657,Ranice,Mantram,rmantrami8@nih.gov,Bigender,2348
658,Ursala,Spinozzi,uspinozzii9@desdev.cn,Polygender,3784
659,Mamie,Cridlin,mcridlinia@tripadvisor.com,Female,3425
660,Bertrand,Elgram,belgramib@nature.com,Non-binary,1756
661,Eli,Annon,eannonic@washington.edu,Genderfluid,5522
662,Enriqueta,Sandells,esandellsid@businesswire.com,Male,2749
663,Ancell,Threlfall,athrelfallie@free.fr,Polygender,5626
664,Linn,Worner,lwornerif@jigsy.com,Agender,1679
665,Jamie,Richardsson,jrichardssonig@behance.net,Agender,4169
666,Murry,Toll,mtollih@hatena.ne.jp,Polygender,1033
667,Nickolas,Gowthorpe,ngowthorpeii@wisc.edu,Genderfluid,1081
668,Cissiee,Munford,cmunfordij@netscape.com,Agender,3644
669,Davida,Dinan,ddinanik@tinypic.com,Polygender,6477
670,Josefa,Ferenczi,jferencziil@chronoengine.com,Polygender,2202
671,Frazer,Rego,fregoim@hubpages.com,Genderfluid,5922
672,Leonhard,Phalip,lphalipin@newsvine.com,Genderqueer,6230
673,Paten,Bruffell,pbruffellio@ihg.com,Bigender,6844
674,Friederike,Pepineaux,fpepineauxip@google.ca,Bigender,2113
675,Dell,Craigheid,dcraigheidiq@earthlink.net,Female,4016
676,Wilmette,Maw,wmawir@intel.com,Bigender,3005
677,Lauryn,Menichelli,lmenichelliis@over-blog.com,Genderqueer,6670
678,Dru,Oxbe,doxbeit@ebay.com,Female,6199
679,Didi,Hub,dhubiu@dedecms.com,Genderqueer,4980
680,Katalin,O'Connell,koconnelliv@mozilla.com,Agender,6067
681,Clarine,Bargh,cbarghiw@squarespace.com,Genderqueer,5871
682,Travers,Metham,tmethamix@addtoany.com,Male,5769
683,Clarke,Ings,cingsiy@virginia.edu,Agender,6086
684,Claudio,Chadderton,cchaddertoniz@hibu.com,Bigender,6339
685,Delila,Bovis,dbovisj0@feedburner.com,Genderqueer,1501
686,Spence,Holme,sholmej1@cnn.com,Non-binary,3202
687,Robin,Lomb,rlombj2@walmart.com,Non-binary,4337
688,Gertie,Fairrie,gfairriej3@discovery.com,Polygender,4064
689,Linn,Ganing,lganingj4@storify.com,Genderfluid,3678
690,Shoshanna,Allpress,sallpressj5@networksolutions.com,Female,5691
691,Abbey,Dohmer,adohmerj6@washingtonpost.com,Genderfluid,6175
692,Curt,Jeschner,cjeschnerj7@homestead.com,Polygender,5542
693,Nicolina,Hirthe,nhirthej8@discuz.net,Bigender,4922
694,Dayna,Brunner,dbrunnerj9@vk.com,Genderqueer,2848
695,Gabbie,Cosyns,gcosynsja@google.com.br,Genderfluid,3124
696,Arturo,Di Giacomo,adigiacomojb@myspace.com,Non-binary,4945
697,Collen,Benezet,cbenezetjc@amazon.co.jp,Genderqueer,3376
698,Casandra,Trayton,ctraytonjd@xing.com,Female,1236
699,Charlene,Skipton,cskiptonje@soup.io,Genderfluid,1038
700,Grantley,Elks,gelksjf@ft.com,Agender,5103
701,Perri,Elgie,pelgiejg@shinystat.com,Genderqueer,1643
702,Saxe,Prin,sprinjh@va.gov,Genderfluid,5429
703,Lulu,Novak,lnovakji@squarespace.com,Polygender,5053
704,Mikol,Hallifax,mhallifaxjj@drupal.org,Male,2269
705,Gabriele,Greensides,ggreensidesjk@google.com,Polygender,3872
706,Fran,Rowland,frowlandjl@hc360.com,Female,6602
707,Brunhilde,Van Hault,bvanhaultjm@ustream.tv,Polygender,3428
708,Dorothy,Hairyes,dhairyesjn@hao123.com,Bigender,4007
709,Alvan,Hardistry,ahardistryjo@toplist.cz,Male,2353
710,Mattheus,Brighty,mbrightyjp@globo.com,Male,4503
711,Nonah,Treacy,ntreacyjq@unicef.org,Agender,6383
712,Herculie,Keeler,hkeelerjr@cam.ac.uk,Polygender,6916
713,Lotti,Grim,lgrimjs@nymag.com,Polygender,1004
714,Noe,Milkeham,nmilkehamjt@answers.com,Male,2919
715,Geneva,Hallgate,ghallgateju@wikia.com,Bigender,5871
716,Teri,Duns,tdunsjv@webnode.com,Genderfluid,5130
717,Ibrahim,Huzzey,ihuzzeyjw@wikispaces.com,Polygender,3363
718,Berkley,Wiggins,bwigginsjx@prweb.com,Bigender,3487
719,Michell,Wistance,mwistancejy@sbwire.com,Female,6410
720,Wes,Fursey,wfurseyjz@usatoday.com,Genderfluid,6109
721,Ransom,Welband,rwelbandk0@craigslist.org,Bigender,1811
722,Herschel,Gilroy,hgilroyk1@github.com,Agender,5321
723,Irwinn,Cain,icaink2@tinyurl.com,Male,3922
724,Townsend,Downgate,tdowngatek3@meetup.com,Genderqueer,5080
725,Kellsie,Romanetti,kromanettik4@dmoz.org,Polygender,3172
726,Gale,Brayford,gbrayfordk5@cocolog-nifty.com,Agender,5237
727,Jemmie,Szwarc,jszwarck6@msu.edu,Male,4475
728,Rich,Mingame,rmingamek7@hugedomains.com,Genderqueer,2812
729,Agneta,Prop,apropk8@bizjournals.com,Bigender,1127
730,Brose,Gianolo,bgianolok9@tiny.cc,Genderqueer,1064
731,Vaclav,Bernade,vbernadeka@mail.ru,Bigender,4080
732,Allix,Mander,amanderkb@mashable.com,Genderfluid,1899
733,Maurice,Bysshe,mbysshekc@creativecommons.org,Male,6493
734,Donalt,Bracegirdle,dbracegirdlekd@noaa.gov,Male,3154
735,Tyler,Bugby,tbugbyke@storify.com,Polygender,3942
736,Bart,Hurcombe,bhurcombekf@ycombinator.com,Non-binary,4372
737,Jeddy,Milkeham,jmilkehamkg@comsenz.com,Polygender,1977
738,Moshe,Challes,mchalleskh@e-recht24.de,Genderfluid,4246
739,Noe,Sepey,nsepeyki@cafepress.com,Genderfluid,3562
740,Iorgo,Tatnell,itatnellkj@thetimes.co.uk,Genderqueer,2946
741,Otha,Bader,obaderkk@trellian.com,Genderqueer,5057
742,Liana,Scopyn,lscopynkl@twitter.com,Genderqueer,5502
743,Shayna,Estrella,sestrellakm@hao123.com,Female,6322
744,Grady,Siemons,gsiemonskn@census.gov,Agender,4938
745,Ruthi,Ramstead,rramsteadko@marketwatch.com,Bigender,5248
746,Gustave,Meachan,gmeachankp@washington.edu,Non-binary,2836
747,Kathrine,Moen,kmoenkq@godaddy.com,Male,1969
748,Beckie,Emmison,bemmisonkr@thetimes.co.uk,Genderqueer,4904
749,Kendell,Skitteral,kskitteralks@slashdot.org,Genderfluid,5914
750,Averil,Innman,ainnmankt@drupal.org,Non-binary,1340
751,Mattie,Stringman,mstringmanku@umn.edu,Female,4126
752,Ealasaid,Aldins,ealdinskv@cnn.com,Female,6203
753,Giralda,Howick,ghowickkw@usatoday.com,Genderfluid,6440
754,Jodee,O'Doogan,jodoogankx@ftc.gov,Agender,2185
755,Imojean,Le Conte,ileconteky@java.com,Female,2432
756,Lindsey,Wimsett,lwimsettkz@sourceforge.net,Female,5710
757,Griz,Huortic,ghuorticl0@nbcnews.com,Male,6728
758,Julee,Castanares,jcastanaresl1@hexun.com,Genderqueer,5647
759,Basilius,Relph,brelphl2@ask.com,Non-binary,3683
760,Court,Kurth,ckurthl3@discuz.net,Agender,2103
761,Ulberto,Lanney,ulanneyl4@storify.com,Female,6238
762,Giffie,Grinley,ggrinleyl5@ebay.co.uk,Male,2473
763,Jule,Mulloch,jmullochl6@homestead.com,Genderqueer,3702
764,Kingston,Borham,kborhaml7@themeforest.net,Polygender,2479
765,Allie,Egre,aegrel8@bbb.org,Non-binary,3004
766,Audrie,Greenleaf,agreenleafl9@answers.com,Female,6914
767,Abigael,Coupe,acoupela@paginegialle.it,Non-binary,2573
768,Deirdre,Beckson,dbecksonlb@scribd.com,Agender,5250
769,Martie,Lancetter,mlancetterlc@flavors.me,Polygender,2868
770,Lory,Bubbins,lbubbinsld@tmall.com,Female,5028
771,Felicia,Filisov,ffilisovle@ox.ac.uk,Male,5133
772,Augustine,Aldcorne,aaldcornelf@wix.com,Non-binary,4796
773,Reggy,Killik,rkilliklg@nih.gov,Non-binary,1973
774,Angelo,Kringe,akringelh@reference.com,Bigender,6737
775,Dennison,Phython,dphythonli@flickr.com,Female,6285
776,Arne,Carrane,acarranelj@pbs.org,Agender,1374
777,Thebault,O'Mara,tomaralk@washington.edu,Agender,4676
778,Konstantine,Marten,kmartenll@digg.com,Polygender,2225
779,Sioux,Patty,spattylm@nyu.edu,Genderqueer,3309
780,Phylys,Chastney,pchastneyln@techcrunch.com,Female,1876
781,Etan,Sunnucks,esunnuckslo@flavors.me,Female,4940
782,Coop,Recher,crecherlp@huffingtonpost.com,Non-binary,4256
783,Jena,Houlison,jhoulisonlq@latimes.com,Male,5121
784,Mychal,Aubri,maubrilr@msn.com,Agender,3562
785,Gratia,Newberry,gnewberryls@storify.com,Female,5148
786,Daisy,Lavens,dlavenslt@netscape.com,Genderqueer,6222
787,Blythe,Saddler,bsaddlerlu@ftc.gov,Agender,6154
788,Flory,Gadie,fgadielv@ucla.edu,Female,6684
789,Cindelyn,Govey,cgoveylw@time.com,Female,1932
790,Gilberta,Fairley,gfairleylx@de.vu,Female,2199
791,Gabie,Kubal,gkubally@spotify.com,Polygender,6509
792,Hewie,Mintram,hmintramlz@slate.com,Female,4495
793,Julieta,Langthorne,jlangthornem0@reddit.com,Polygender,6309
794,Brice,Coggles,bcogglesm1@e-recht24.de,Agender,6737
795,Abbie,Husthwaite,ahusthwaitem2@economist.com,Non-binary,4776
796,Willie,Crichley,wcrichleym3@hatena.ne.jp,Female,1173
797,Karylin,Adiscot,kadiscotm4@livejournal.com,Genderqueer,2944
798,Madel,Hadaway,mhadawaym5@feedburner.com,Male,2413
799,Roz,Garment,rgarmentm6@archive.org,Genderfluid,2765
800,Hillie,Loding,hlodingm7@wunderground.com,Bigender,2109
801,Merrile,McMechan,mmcmechanm8@gnu.org,Bigender,6026
802,Kiele,Atter,katterm9@booking.com,Non-binary,4719
803,Cyrus,Poynton,cpoyntonma@t-online.de,Female,5938
804,Melloney,Faughny,mfaughnymb@chronoengine.com,Male,4595
805,Tony,Ensten,tenstenmc@accuweather.com,Polygender,5107
806,Edd,Kristufek,ekristufekmd@google.cn,Genderqueer,3796
807,Farly,Trowsdale,ftrowsdaleme@earthlink.net,Genderqueer,6642
808,Adiana,Cawt,acawtmf@mozilla.org,Genderfluid,5719
809,Dusty,Hawkslee,dhawksleemg@blogs.com,Bigender,4026
810,Emmalyn,Hew,ehewmh@amazon.de,Male,5740
811,Willyt,Dyhouse,wdyhousemi@php.net,Non-binary,6315
812,Zared,Kesper,zkespermj@upenn.edu,Agender,4601
813,Kimbell,Malsher,kmalshermk@newsvine.com,Polygender,4601
814,Roberto,Limpenny,rlimpennyml@cbslocal.com,Female,4564
815,Bianka,Sailes,bsailesmm@digg.com,Bigender,1182
816,Ebba,Giacopello,egiacopellomn@1688.com,Female,2638
817,Lionello,Illing,lillingmo@ning.com,Genderqueer,5830
818,Kalina,Ullyott,kullyottmp@canalblog.com,Genderfluid,2043
819,Lawry,Blacker,lblackermq@fc2.com,Genderqueer,4388
820,Jena,Scollard,jscollardmr@devhub.com,Genderfluid,2770
821,Osmond,Dunks,odunksms@infoseek.co.jp,Polygender,4551
822,Natassia,Konig,nkonigmt@intel.com,Genderfluid,4833
823,Rozina,Murrigan,rmurriganmu@ftc.gov,Polygender,3028
824,Giffy,Pinwell,gpinwellmv@chron.com,Female,2919
825,Bee,McKew,bmckewmw@bigcartel.com,Agender,1958
826,Alphonse,Bartlet,abartletmx@csmonitor.com,Female,4571
827,Adelind,Hupka,ahupkamy@purevolume.com,Male,2113
828,Owen,De Gouy,odegouymz@jiathis.com,Female,4556
829,Karleen,de Copeman,kdecopemann0@cam.ac.uk,Agender,3467
830,Carlie,Vennard,cvennardn1@hexun.com,Bigender,5428
831,Kassandra,Stidworthy,kstidworthyn2@ycombinator.com,Agender,5648
832,Elnora,Rustan,erustann3@taobao.com,Bigender,5639
833,Napoleon,Batters,nbattersn4@discovery.com,Male,5008
834,Anatola,Grisedale,agrisedalen5@hubpages.com,Male,4949
835,Arney,Tuff,atuffn6@state.tx.us,Polygender,2216
836,Jarvis,Wolffers,jwolffersn7@addthis.com,Polygender,6136
837,Magdalen,Golsby,mgolsbyn8@simplemachines.org,Genderfluid,1406
838,Micki,Matfield,mmatfieldn9@histats.com,Male,3326
839,Netti,Fassbindler,nfassbindlerna@japanpost.jp,Polygender,6271
840,Aaron,Millington,amillingtonnb@businessinsider.com,Genderfluid,4065
841,Harriett,Siburn,hsiburnnc@google.com.br,Male,1202
842,Carlin,Setterthwait,csetterthwaitnd@joomla.org,Male,5804
843,Glynnis,Arckoll,garckollne@nymag.com,Male,4034
844,Karalee,Gilfillan,kgilfillannf@ebay.com,Bigender,2519
845,Herschel,Capelen,hcapelenng@wikimedia.org,Genderqueer,1515
846,Tommy,Blackman,tblackmannh@wisc.edu,Agender,2150
847,Sarah,Riden,sridenni@list-manage.com,Polygender,5708
848,Meridith,Pothecary,mpothecarynj@yahoo.com,Female,6543
849,Marni,Hablot,mhablotnk@parallels.com,Female,6378
850,Martina,Benettini,mbenettininl@usgs.gov,Genderfluid,3348
851,Maurene,Daltry,mdaltrynm@columbia.edu,Agender,2688
852,Sarge,Madle,smadlenn@wp.com,Non-binary,3727
853,Jed,Wylie,jwylieno@4shared.com,Genderqueer,5024
854,Dugald,Fetteplace,dfetteplacenp@forbes.com,Genderfluid,1666
855,Mike,Hagerty,mhagertynq@cbsnews.com,Non-binary,5597
856,Sadella,Warricker,swarrickernr@nasa.gov,Genderqueer,5874
857,Ellsworth,Girardez,egirardezns@ebay.com,Polygender,1717
858,Joyann,Fort,jfortnt@cnn.com,Agender,6622
859,Lars,Yannoni,lyannoninu@phpbb.com,Agender,4460
860,Gregorio,Mattacks,gmattacksnv@mit.edu,Bigender,6095
861,Augustine,Suddock,asuddocknw@google.nl,Female,6289
862,Arte,Olechnowicz,aolechnowicznx@ibm.com,Non-binary,2988
863,Colene,Parnall,cparnallny@theatlantic.com,Polygender,2710
864,Maurizia,Logesdale,mlogesdalenz@forbes.com,Non-binary,3977
865,Arin,Salvage,asalvageo0@mashable.com,Agender,3715
866,Isobel,Dominelli,idominellio1@moonfruit.com,Polygender,5007
867,Desmond,Pidgin,dpidgino2@cdbaby.com,Polygender,3849
868,Rubie,MacRorie,rmacrorieo3@gov.uk,Polygender,6452
869,Dix,Boulder,dbouldero4@ustream.tv,Male,3306
870,Romain,Fussie,rfussieo5@naver.com,Agender,4883
871,Leeann,Redler,lredlero6@naver.com,Genderfluid,5563
872,Elwood,Mussared,emussaredo7@people.com.cn,Agender,3494
873,Bibby,Boot,bbooto8@wunderground.com,Genderqueer,6248
874,Ker,Brimble,kbrimbleo9@spotify.com,Genderfluid,5158
875,Lonny,Merali,lmeralioa@dagondesign.com,Female,2723
876,Anjanette,MacFarlane,amacfarlaneob@mail.ru,Polygender,2720
877,Lorrie,Albiston,lalbistonoc@bravesites.com,Non-binary,1395
878,Tiffani,Berzen,tberzenod@cpanel.net,Bigender,1896
879,Esme,Kiehne,ekiehneoe@cargocollective.com,Polygender,3507
880,Axel,Thurner,athurnerof@nasa.gov,Male,4846
881,Marleen,Bleacher,mbleacherog@ox.ac.uk,Female,2677
882,Carly,Tothe,ctotheoh@blogs.com,Female,3859
883,Jonis,Ninotti,jninottioi@instagram.com,Male,6357
884,Bjorn,de Banke,bdebankeoj@amazon.co.jp,Non-binary,1555
885,Bernete,Binestead,bbinesteadok@myspace.com,Genderqueer,1631
886,Kris,Boig,kboigol@ebay.co.uk,Genderfluid,5117
887,Elva,White,ewhiteom@scribd.com,Genderfluid,2090
888,Thomasin,Bednell,tbednellon@sciencedirect.com,Female,4156
889,Dru,Lamberth,dlamberthoo@mashable.com,Genderqueer,4261
890,Ronalda,Garwell,rgarwellop@typepad.com,Genderqueer,3873
891,Eduard,Steven,estevenoq@jiathis.com,Female,2235
892,Rivalee,Tremblay,rtremblayor@studiopress.com,Female,3466
893,Susann,Buttfield,sbuttfieldos@blog.com,Male,3925
894,Madge,Paige,mpaigeot@buzzfeed.com,Genderqueer,2770
895,Jodee,Kyme,jkymeou@pinterest.com,Female,5617
896,Skye,Doorey,sdooreyov@51.la,Male,2315
897,Veronica,Ralling,vrallingow@uol.com.br,Genderfluid,1246
898,Alfred,Dallan,adallanox@paypal.com,Male,4592
899,Martita,Hearn,mhearnoy@squarespace.com,Male,1173
900,Merwyn,Ledeker,mledekeroz@deviantart.com,Female,4819
901,Andres,Lackeye,alackeyep0@time.com,Agender,4819
902,Lorrin,Shrimpling,lshrimplingp1@sun.com,Bigender,5487
903,Xylina,Virgin,xvirginp2@wp.com,Bigender,6632
904,Krystal,Rickcord,krickcordp3@rediff.com,Male,2753
905,Ollie,Stoodley,ostoodleyp4@parallels.com,Female,4400
906,Adiana,Badder,abadderp5@mashable.com,Non-binary,6928
907,Jeffry,Cutriss,jcutrissp6@zimbio.com,Female,4759
908,Hilda,Gluyus,hgluyusp7@weebly.com,Genderqueer,3026
909,Richard,Strippel,rstrippelp8@flavors.me,Non-binary,2712
910,Hortense,Casacchia,hcasacchiap9@gov.uk,Genderqueer,1463
911,Marsha,Purrier,mpurrierpa@constantcontact.com,Genderfluid,6474
912,Rosy,Bier,rbierpb@usda.gov,Bigender,2544
913,Reggis,Mixer,rmixerpc@google.cn,Bigender,4003
914,Waylon,Teaze,wteazepd@creativecommons.org,Female,3496
915,Sayer,Farquarson,sfarquarsonpe@wordpress.org,Agender,4406
916,Avery,St Pierre,astpierrepf@seesaa.net,Male,1720
917,Carina,Forcer,cforcerpg@samsung.com,Genderqueer,6232
918,Desiree,Eagger,deaggerph@comsenz.com,Bigender,5315
919,Cassondra,Emsley,cemsleypi@nbcnews.com,Non-binary,2371
920,Shadow,Whorf,swhorfpj@oakley.com,Non-binary,6638
921,Deborah,Duke,ddukepk@unc.edu,Bigender,6564
922,Shelly,Klima,sklimapl@bizjournals.com,Genderfluid,1960
923,Fay,Waiton,fwaitonpm@discuz.net,Genderqueer,2351
924,Sigvard,Braley,sbraleypn@youtube.com,Male,4830
925,Abbi,Landrean,alandreanpo@xrea.com,Polygender,6513
926,Alethea,Codd,acoddpp@posterous.com,Genderfluid,3430
927,Juli,Goodliff,jgoodliffpq@marriott.com,Agender,5082
928,Zack,Frickey,zfrickeypr@com.com,Genderqueer,5766
929,Sanderson,Scotti,sscottips@samsung.com,Bigender,6483
930,Melvyn,Kaes,mkaespt@istockphoto.com,Agender,2585
931,Hastings,Binton,hbintonpu@walmart.com,Polygender,2408
932,Roddie,Gatrell,rgatrellpv@scribd.com,Genderfluid,1579
933,Genna,Kimbly,gkimblypw@yelp.com,Non-binary,4857
934,Alie,Glasscott,aglasscottpx@squidoo.com,Polygender,4859
935,Meridel,Folks,mfolkspy@pagesperso-orange.fr,Bigender,4858
936,Tory,Fearneley,tfearneleypz@angelfire.com,Bigender,2917
937,Tedman,Fitchell,tfitchellq0@imdb.com,Male,3977
938,Lani,Siss,lsissq1@bravesites.com,Polygender,1820
939,Isacco,Degoey,idegoeyq2@trellian.com,Bigender,6297
940,Windham,Lettsom,wlettsomq3@psu.edu,Polygender,2041
941,Roxane,Creane,rcreaneq4@mashable.com,Female,5234
942,Blisse,Bullar,bbullarq5@rambler.ru,Polygender,5246
943,Elinore,Brabham,ebrabhamq6@mit.edu,Male,1221
944,Arlinda,Taysbil,ataysbilq7@europa.eu,Male,4521
945,Carroll,Girkin,cgirkinq8@clickbank.net,Agender,1313
946,Glenn,Wilbore,gwilboreq9@wikispaces.com,Non-binary,6126
947,Rosana,Kapiloff,rkapiloffqa@parallels.com,Agender,3180
948,Shandee,Napolitano,snapolitanoqb@forbes.com,Bigender,1625
949,Shayla,Harberer,sharbererqc@pagesperso-orange.fr,Bigender,4122
950,Oneida,De Beauchamp,odebeauchampqd@csmonitor.com,Male,1300
951,Onfre,Scarratt,oscarrattqe@instagram.com,Agender,3635
952,Yulma,Wildor,ywildorqf@sbwire.com,Non-binary,2492
953,Kerry,Fonteyne,kfonteyneqg@soundcloud.com,Female,3440
954,Kipper,Braunter,kbraunterqh@creativecommons.org,Male,4566
955,Ramona,Morrel,rmorrelqi@wisc.edu,Genderqueer,6433
956,Justin,Bridgement,jbridgementqj@ucsd.edu,Genderqueer,2969
957,Rozella,Lamers,rlamersqk@omniture.com,Agender,3696
958,Gabi,Gair,ggairql@t.co,Agender,1152
959,Lisette,Handasyde,lhandasydeqm@sciencedirect.com,Female,1841
960,Milli,Livingstone,mlivingstoneqn@elegantthemes.com,Female,2890
961,Averill,Worley,aworleyqo@ebay.co.uk,Male,2796
962,Andree,Aldwick,aaldwickqp@rambler.ru,Agender,5450
963,Wes,Tremathack,wtremathackqq@google.fr,Male,1921
964,Martica,Shipcott,mshipcottqr@devhub.com,Genderqueer,5558
965,Laughton,Hadley,lhadleyqs@loc.gov,Non-binary,2366
966,Lonnie,Markovich,lmarkovichqt@intel.com,Non-binary,1340
967,Alden,Cardall,acardallqu@opensource.org,Agender,1104
968,Chery,Gras,cgrasqv@si.edu,Agender,5816
969,Avril,Klaes,aklaesqw@homestead.com,Non-binary,3469
970,Meade,Tofanini,mtofaniniqx@prnewswire.com,Bigender,1461
971,Heddie,McKeefry,hmckeefryqy@businesswire.com,Female,4768
972,Alida,Frunks,afrunksqz@is.gd,Genderqueer,2424
973,Kattie,Airlie,kairlier0@arizona.edu,Non-binary,6337
974,Ruthe,Seton,rsetonr1@cocolog-nifty.com,Female,5115
975,Leilah,Coneron,lconeronr2@netscape.com,Genderqueer,5037
976,Alaine,Belfelt,abelfeltr3@nationalgeographic.com,Genderfluid,3081
977,Barb,Lappin,blappinr4@jigsy.com,Genderqueer,6790
978,Gannon,Matyatin,gmatyatinr5@github.io,Female,4856
979,Axel,Seckom,aseckomr6@feedburner.com,Non-binary,2728
980,Clementine,Handke,chandker7@ocn.ne.jp,Agender,5114
981,Shanna,Shedd,ssheddr8@dedecms.com,Female,5563
982,Carlynn,Banyard,cbanyardr9@feedburner.com,Polygender,1661
983,Camilla,Thormann,cthormannra@spotify.com,Non-binary,6737
984,Ambros,Dolby,adolbyrb@netscape.com,Genderqueer,2602
985,Bette-ann,Kantor,bkantorrc@1und1.de,Genderqueer,3875
986,Aveline,Fulop,afuloprd@mayoclinic.com,Bigender,1715
987,Bourke,Panton,bpantonre@imageshack.us,Polygender,2388
988,Rosemarie,Sacase,rsacaserf@shop-pro.jp,Non-binary,3918
989,Henry,Beeckx,hbeeckxrg@google.ru,Bigender,6529
990,Germain,Gateley,ggateleyrh@technorati.com,Female,5592
991,Dalt,Pauel,dpauelri@ask.com,Male,4537
992,Sabina,Lindemann,slindemannrj@chron.com,Genderqueer,4686
993,Hall,Kenward,hkenwardrk@google.de,Non-binary,1322
994,Phillie,Loveredge,ploveredgerl@multiply.com,Agender,5266
995,Matilde,Lailey,mlaileyrm@quantcast.com,Male,6120
996,Woody,Morland,wmorlandrn@nbcnews.com,Non-binary,3130
997,Rosita,Follett,rfollettro@storify.com,Female,6058
998,Tobe,Eich,teichrp@rambler.ru,Male,6858
999,Braden,Clorley,bclorleyrq@tinyurl.com,Female,3215
1000,Les,Jankiewicz,ljankiewiczrr@jugem.jp,Male,1289
